<powerpagecomponent powerpagecomponentid="f7804f4f-c30b-4360-9f07-ebdc39406b72">
  <content>{"createdOn":"2023-08-30T14:02:38.302Z","parentpageid":"b154744b-3d47-ee11-be6e-000d3ab0ecd2","publishingstateid":"aa617151-3d47-ee11-be6e-000d3ab0ecd2","partialurl":"thumbnail.css","title":"","summary":"","enabletracking":false,"excludefromsearch":false,"hiddenfromsitemap":false,"displayorder":-1}</content>
  <filecontent mimetype="text/css">thumbnail.css</filecontent>
  <iscustomizable>1</iscustomizable>
  <name>thumbnail.css</name>
  <powerpagecomponenttype>3</powerpagecomponenttype>
  <powerpagesiteid>
    <powerpagesiteid>c3627151-3d47-ee11-be6e-000d3ab0ecd2</powerpagesiteid>
  </powerpagesiteid>
  <statecode>0</statecode>
  <statuscode>1</statuscode>
</powerpagecomponent>