<powerpagecomponent powerpagecomponentid="5d617151-3d47-ee11-be6e-000d3ab0ecd2">
  <content>{"contentdisposition":756150000,"displayorder":9,"enabletracking":false,"excludefromsearch":true,"hiddenfromsitemap":true,"parentpageid":"b154744b-3d47-ee11-be6e-000d3ab0ecd2","partialurl":"Logo.png","publishingstateid":"aa617151-3d47-ee11-be6e-000d3ab0ecd2"}</content>
  <filecontent mimetype="application/octet-stream">Logo.png</filecontent>
  <iscustomizable>1</iscustomizable>
  <name>Logo.png</name>
  <powerpagecomponenttype>3</powerpagecomponenttype>
  <powerpagesiteid>
    <powerpagesiteid>c3627151-3d47-ee11-be6e-000d3ab0ecd2</powerpagesiteid>
  </powerpagesiteid>
  <statecode>0</statecode>
  <statuscode>1</statuscode>
</powerpagecomponent>