<powerpagecomponent powerpagecomponentid="9f627151-3d47-ee11-be6e-000d3ab0ecd2">
  <content>{"source":"{% assign snippet_name = snippet_name %}\r\n{% if snippet_name %}\r\n {% editable snippets snippet_name type: 'html' %}\r\n{% endif %}"}</content>
  <iscustomizable>1</iscustomizable>
  <name>Snippet</name>
  <powerpagecomponenttype>8</powerpagecomponenttype>
  <powerpagesiteid>
    <powerpagesiteid>c3627151-3d47-ee11-be6e-000d3ab0ecd2</powerpagesiteid>
  </powerpagesiteid>
  <statecode>0</statecode>
  <statuscode>1</statuscode>
</powerpagecomponent>