<powerpagecomponent powerpagecomponentid="0154744b-3d47-ee11-be6e-000d3ab0ecd2">
  <content>{"source":"{% extends 'Layout 1 Column' %}\r\r{% block title %}\r  {% include 'Tab Header' page_type: 'topic' %}\r{% endblock %}"}</content>
  <iscustomizable>1</iscustomizable>
  <name>Category Topic</name>
  <powerpagecomponenttype>8</powerpagecomponenttype>
  <powerpagesiteid>
    <powerpagesiteid>c3627151-3d47-ee11-be6e-000d3ab0ecd2</powerpagesiteid>
  </powerpagesiteid>
  <statecode>0</statecode>
  <statuscode>1</statuscode>
</powerpagecomponent>