<powerpagecomponent powerpagecomponentid="4154744b-3d47-ee11-be6e-000d3ab0ecd2">
  <content>{"display_name":"Account/Confirm Email/Confirm Email Error Text","type":756150000,"value":"We were unable to confirm your email address. Make sure the spelling is correct and that your profile allows for email communication, or try another email address."}</content>
  <iscustomizable>1</iscustomizable>
  <name>Account/ConfirmEmail/ConfirmEmailErrorText</name>
  <powerpagecomponenttype>7</powerpagecomponenttype>
  <powerpagesiteid>
    <powerpagesiteid>c3627151-3d47-ee11-be6e-000d3ab0ecd2</powerpagesiteid>
  </powerpagesiteid>
  <powerpagesitelanguageid>
    <powerpagesitelanguageid>c5627151-3d47-ee11-be6e-000d3ab0ecd2</powerpagesitelanguageid>
  </powerpagesitelanguageid>
  <statecode>0</statecode>
  <statuscode>1</statuscode>
</powerpagecomponent>