<powerpagecomponent powerpagecomponentid="c0467245-3d47-ee11-be6e-000d3ab0ecd2">
  <content>{
  "powerpagesitelanguageid": "c5627151-3d47-ee11-be6e-000d3ab0ecd2",
  "display_name": "Site name",
  "type": 756150000,
  "value": "Contoso Courses"
}</content>
  <iscustomizable>1</iscustomizable>
  <name>Site name</name>
  <powerpagecomponenttype>7</powerpagecomponenttype>
  <powerpagesiteid>
    <powerpagesiteid>c3627151-3d47-ee11-be6e-000d3ab0ecd2</powerpagesiteid>
  </powerpagesiteid>
  <powerpagesitelanguageid>
    <powerpagesitelanguageid>c5627151-3d47-ee11-be6e-000d3ab0ecd2</powerpagesitelanguageid>
  </powerpagesitelanguageid>
  <statecode>0</statecode>
  <statuscode>1</statuscode>
</powerpagecomponent>