<powerpagecomponent powerpagecomponentid="6153744b-3d47-ee11-be6e-000d3ab0ecd2">
  <content>{"source":"&lt;!-- Pagination --&gt;\r\n{% assign pagesInLineValue = settings['ASP/Pagination/PagesInLine'] %}\r\n{% assign pagesInLine = pagesInLineValue | times: 1.0 %}\r\n\r\n{% if pages &gt; 1 %}\r\n    {% assign limit = pagesInLine %}      \r\n    {% assign first_page = 1 %}\r\n    {% assign last_page = pages %}\r\n    \r\n    {% assign start_page = 0 %}\r\n    {% assign offset = limit | divided_by: 2 %}\r\n    {% assign page_offset = current_page | minus: 1 %}\r\n    {% if page_offset &gt; offset %}\r\n      {% assign start_page = current_page | minus: offset | minus: 1 %}\r\n    {% endif %}\r\n\r\n    {% assign page_slice_first_page = page_offset | plus:1 %}\r\n    {% assign page_slice_last_page = page_offset | plus: limit %}\r\n    &lt;div&gt;\r\n      &lt;ul class=\"pagination\" &gt;\r\n        &lt;li {% unless first_page and page &gt; 1 %}class=\"disabled\"{% endunless %}&gt;\r\n          &lt;a\r\n            {% if first_page and page &gt; 1 %}\r\n              href=\"{{ request.url | add_query:'page', first_page | path_and_query  | h }}\"\r\n            {% endif %}&gt;\r\n            «\r\n          &lt;/a&gt;\r\n        &lt;/li&gt;\r\n\r\n        &lt;li {% unless previousPage &gt; 0 %}class=\"disabled\"{% endunless %}&gt;\r\n          &lt;a\r\n            {% if previousPage != 0 %}\r\n              href=\"{{ request.url | add_query:'page', previousPage | path_and_query  | h }}\"\r\n            {% endif %}&gt;\r\n            ‹\r\n          &lt;/a&gt;\r\n        &lt;/li&gt;\r\n\r\n        {% if page_slice_first_page &gt; 1 %}\r\n          {% assign previous_slice_last_page = page_slice_first_page | minus:1 %}\r\n          &lt;li&gt;\r\n            &lt;a href=\"{{ request.url | add_query:'page', previous_slice_last_page | path_and_query  | h }}\"&gt;\r\n              …\r\n            &lt;/a&gt;\r\n          &lt;/li&gt;\r\n        {% endif %}\r\n\r\n        {% for pageLine in (1...pages) offset:page_offset limit:limit -%}\r\n          &lt;li{% if pageLine == page %} class=\"active\"{% endif %}&gt;\r\n            &lt;a href=\"{{ request.url | add_query:'page', pageLine | path_and_query  | h }}\"&gt;\r\n             {{ pageLine }}\r\n            &lt;/a&gt;\r\n          &lt;/li&gt;\r\n        {% endfor -%}\r\n\r\n        {% if page_slice_last_page &lt; pages %}\r\n          {% assign next_slice_first_page = page_slice_last_page | plus:1 %}\r\n          &lt;li&gt;\r\n            &lt;a href=\"{{ request.url | add_query:'page', next_slice_first_page | path_and_query  | h }}\"&gt;\r\n              …\r\n            &lt;/a&gt;\r\n          &lt;/li&gt;\r\n        {% endif %}\r\n\r\n        &lt;li {% unless last_page and page &lt; last_page %}class=\"disabled\"{% endunless %}&gt;\r\n          &lt;a\r\n            {% if last_page and page &lt; last_page %}\r\n              href=\"{{ request.url | add_query:'page', nextPage | path_and_query  | h }}\"\r\n            {% endif %}&gt;\r\n            ›\r\n          &lt;/a&gt;\r\n        &lt;/li&gt;\r\n\r\n        &lt;li {% unless last_page and page &lt; last_page %}class=\"disabled\"{% endunless %}&gt;\r\n          &lt;a\r\n            {% if last_page and page &lt; last_page %}\r\n              href=\"{{ request.url | add_query:'page', last_page | path_and_query  | h }}\"\r\n            {% endif %}&gt;\r\n            »\r\n          &lt;/a&gt;\r\n        &lt;/li&gt;\r\n      &lt;/ul&gt;\r\n    &lt;/div&gt;\r\n{% endif %}\r\n&lt;!-- END Pagination --&gt;"}</content>
  <iscustomizable>1</iscustomizable>
  <name>Custom Pagination</name>
  <powerpagecomponenttype>8</powerpagecomponenttype>
  <powerpagesiteid>
    <powerpagesiteid>c3627151-3d47-ee11-be6e-000d3ab0ecd2</powerpagesiteid>
  </powerpagesiteid>
  <statecode>0</statecode>
  <statuscode>1</statuscode>
</powerpagecomponent>