<powerpagecomponent powerpagecomponentid="7d617151-3d47-ee11-be6e-000d3ab0ecd2">
  <content>{"display_name":"Card/Registrations/Success","type":756150001,"value":"&lt;div class=\"card view-course-container\"&gt;\r\n  &lt;div class=\"row\" id=\"course-card\"&gt;\r\n    &lt;div class=\"col-md-6\" id=\"course-content-left\"&gt;\r\n      &lt;div class=\"card-body\"&gt;\r\n        &lt;div id=\"days-container-lg\"&gt;\r\n          &lt;div class=\"course-days\"&gt;\r\n            {{dayvalues}}\r\n          &lt;/div&gt;\r\n        &lt;/div&gt;\r\n        &lt;div id=\"days-container-sm\"&gt;\r\n          &lt;div class=\"course-days\"&gt;\r\n            {{dayvalues}}\r\n          &lt;/div&gt;\r\n        &lt;/div&gt;\r\n        &lt;h2 id=\"course-header-lg\" class=\"card-text-large\"&gt;{{course.msdynce_coursename | default: 'Title'}}&lt;/h2&gt;\r\n        &lt;h2 id=\"course-header-sm\" class=\"card-text-large\"&gt;{{course.msdynce_coursename | default: 'Title'}}&lt;/h2&gt;\r\n        &lt;div id=\"general-info-lg\"&gt;\r\n          &lt;div id=\"dateTimeType\"&gt;\r\n            &lt;div class=\"col-sm-7\" style=\"border-right: 1px solid #DAECED;\"&gt;\r\n              &lt;p class=\"card-text-medium\"&gt;\r\n                &lt;span class=\"time\"&gt;{{ course.msdynce_coursestartdateandtime | date_to_iso8601 | default: '00:00 am' }}&lt;/span&gt; to &lt;span class=\"time\"&gt;{{ course.msdynce_courseenddateandtime | date_to_iso8601 | default: '00:00 am'}}&lt;/span&gt;\r\n              &lt;/p&gt;\r\n              &lt;p class=\"card-text-xsmall no-margin\"&gt;\r\n                &lt;span class=\"date\"&gt;{{ course.msdynce_coursestartdateandtime | date_to_iso8601 | default: 'January 1' }}&lt;/span&gt; - &lt;span class=\"date\"&gt;{{ course.msdynce_courseenddateandtime | date_to_iso8601 | default: 'January 1'}}&lt;/span&gt;\r\n              &lt;/p&gt;\r\n            &lt;/div&gt;\r\n            &lt;div id=\"other-info-lg\"&gt;\r\n              &lt;div class=\"card-bottom\"&gt;\r\n                &lt;div class=\"course-formats\"&gt;\r\n                  {{typeValues}}\r\n                &lt;/div&gt;\r\n              &lt;/div&gt;\r\n            &lt;/div&gt;\r\n          &lt;/div&gt;\r\n        &lt;/div&gt;\r\n        &lt;div id=\"general-info-sm\"&gt;\r\n          &lt;div id=\"dateTimeType\"&gt;\r\n            &lt;div class=\"col-sm-7\" style=\"border-right: 1px solid #DAECED;\"&gt;\r\n              &lt;p class=\"card-text-large\"&gt;\r\n                &lt;span class=\"time\"&gt;{{ course.msdynce_coursestartdateandtime | date_to_iso8601 | default: '00:00 am' }}&lt;/span&gt; to &lt;span class=\"time\"&gt;{{ course.msdynce_courseenddateandtime | date_to_iso8601 | default: '00:00 am'}}&lt;/span&gt;\r\n              &lt;/p&gt;\r\n              &lt;p class=\"card-text-medium no-margin\"&gt;\r\n                &lt;span class=\"date\"&gt;{{ course.msdynce_coursestartdateandtime | date_to_iso8601 | default: 'January 1'}}&lt;/span&gt; - &lt;span class=\"date\"&gt;{{ course.msdynce_courseenddateandtime | date_to_iso8601 | default: 'January 1'}}&lt;/span&gt;\r\n              &lt;/p&gt;\r\n            &lt;/div&gt;\r\n            &lt;div id=\"other-info-sm\"&gt;\r\n              &lt;div class=\"\"&gt;\r\n                &lt;div class=\"course-formats\"&gt;\r\n                  {{typeValues}}\r\n                &lt;/div&gt;\r\n              &lt;/div&gt;\r\n            &lt;/div&gt;\r\n          &lt;/div&gt;\r\n        &lt;/div&gt;\r\n        &lt;p class=\"card-text-small\"&gt;Attendees&lt;/p&gt;\r\n        &lt;div class=\"child-selection-container\"&gt;\r\n          {% if registeredArray contains user.contactid %}\r\n          &lt;span class=\"child-selection-card\"&gt;\r\n                   &lt;label class=\"checkbox-container\"&gt;\r\n                      &lt;img class=\"disabled\" id=\"img{{user.contactid}}\" data-contact=\"{{user.contactid}}\" src=\"/child-placeholder.svg\" alt=\"user profile photo\"&gt;\r\n                     &lt;p class=\"card-text-xsmall text-center no-margin\"&gt; Me/Myself&lt;/p&gt;\r\n                    &lt;/label&gt;\r\n                 &lt;/span&gt;\r\n          {% endif %}\r\n          {% if attendees.results and attendees.results.entities %}\r\n          {% for attendee in attendees.results.entities %}\r\n          {% if registrations.results and registrations.results.entities %}\r\n          {% for reg in registrations.results.entities %}\r\n          {% if reg.msdynce_attendeename.id == attendee.contactid %}\r\n          &lt;span class=\"child-selection-card\"&gt;\r\n                       &lt;label class=\"checkbox-container\"&gt;\r\n                         &lt;img class=\"contactimg\" id=\"childImgchild{{forloop.index}}\" src=\"/child-placeholder.svg\" alt=\"{{attendee.fullname}} profile photo\"&gt;\r\n                         &lt;p class=\"card-text-xsmall text-center no-margin\"&gt;{{attendee.fullname}}&lt;/p&gt;\r\n                       &lt;/label&gt;\r\n                      &lt;/span&gt;\r\n          {% endif %}\r\n          {% endfor %}\r\n          {% endif %}\r\n          {% endfor %}\r\n          {% endif %}\r\n        &lt;/div&gt;\r\n        &lt;div class=\"card-bottom\"&gt;\r\n          &lt;div class=\"bottom-left\"&gt;\r\n            &lt;button class=\"button1\" onclick=\"window.location.href='/my-registrations'\"&gt;View in my registrations&lt;/button&gt;\r\n          &lt;/div&gt;\r\n        &lt;/div&gt;\r\n      &lt;/div&gt;\r\n    &lt;/div&gt;\r\n    &lt;div class=\"col-md-6\" id=\"course-content-right\"&gt;\r\n      &lt;div class=\"card-body\"&gt;\r\n        &lt;img class=\"image-view\" src=\"/card-placeholder.svg\" alt=\"{{course.msdynce_coursename | default: 'Title'}} photo\"&gt;\r\n      &lt;/div&gt;\r\n    &lt;/div&gt;\r\n  &lt;/div&gt;\r\n&lt;/div&gt;"}</content>
  <iscustomizable>1</iscustomizable>
  <name>Card/Registrations/Success</name>
  <powerpagecomponenttype>7</powerpagecomponenttype>
  <powerpagesiteid>
    <powerpagesiteid>c3627151-3d47-ee11-be6e-000d3ab0ecd2</powerpagesiteid>
  </powerpagesiteid>
  <powerpagesitelanguageid>
    <powerpagesitelanguageid>c5627151-3d47-ee11-be6e-000d3ab0ecd2</powerpagesitelanguageid>
  </powerpagesitelanguageid>
  <statecode>0</statecode>
  <statuscode>1</statuscode>
</powerpagecomponent>