<powerpagecomponent powerpagecomponentid="10627151-3d47-ee11-be6e-000d3ab0ecd2">
  <content>{"source":"{% if request.params['id'] | xml_escape %}\r\n{% assign courseid = request.params['id'] | xml_escape %}\r\n{% else %}\r\n{% assign courseid = \"\" %}\r\n{% endif %}"}</content>
  <iscustomizable>1</iscustomizable>
  <name>C1_ASP_Delete_Course</name>
  <powerpagecomponenttype>8</powerpagecomponenttype>
  <powerpagesiteid>
    <powerpagesiteid>c3627151-3d47-ee11-be6e-000d3ab0ecd2</powerpagesiteid>
  </powerpagesiteid>
  <statecode>0</statecode>
  <statuscode>1</statuscode>
</powerpagecomponent>