<powerpagecomponent powerpagecomponentid="25627151-3d47-ee11-be6e-000d3ab0ecd2">
  <content>{"adx_entitypermission_webrole":["61617151-3d47-ee11-be6e-000d3ab0ecd2"],"append":false,"appendto":false,"create":false,"delete":false,"entitylogicalname":"adx_webrole","entityname":"ASP C1 Role","read":true,"scope":756150000,"write":false}</content>
  <iscustomizable>1</iscustomizable>
  <name>ASP C1 Role</name>
  <powerpagecomponenttype>18</powerpagecomponenttype>
  <powerpagesiteid>
    <powerpagesiteid>c3627151-3d47-ee11-be6e-000d3ab0ecd2</powerpagesiteid>
  </powerpagesiteid>
  <statecode>0</statecode>
  <statuscode>1</statuscode>
</powerpagecomponent>