<powerpagecomponent powerpagecomponentid="d3617151-3d47-ee11-be6e-000d3ab0ecd2">
  <content>{"copy":"&lt;div class=\"row sectionBlockLayout\" data-component-theme=\"portalThemeColor2\" style=\"height: 15px; min-height: 15px;\"&gt;\r\n&lt;/div&gt;\r\n&lt;div class=\"row sectionBlockLayout\" style=\"display: flex; flex-wrap: wrap; padding: 8px; margin: 0px; text-align: left; min-height: 361px; background: url('/wave-background.png');\"&gt;\r\n    &lt;div class=\"container\" style=\"display: flex; flex-wrap: wrap;\"&gt;\r\n      &lt;div class=\"col-md-12 columnBlockLayout\" style=\"flex-grow: 1; display: flex; flex-direction: column; min-width: 300px; margin-left: 0px; margin-right: 0px;\"&gt;&lt;br&gt;\r\n        &lt;h1&gt;Pages&lt;/h1&gt;\r\n        &lt;p&gt;This section can be used to introduce the contents of the subpages and encourage your target audience to explore those pages. If this content gets too long, consider splitting it into two smaller paragraphs.&lt;/p&gt;\r\n      &lt;/div&gt;\r\n    &lt;/div&gt;\r\n&lt;/div&gt;\r\n&lt;div class=\"row sectionBlockLayout\" style=\"display: flex; flex-wrap: wrap; margin: 0px; text-align: center; min-height: 374px; padding: 8px;\"&gt;\r\n    &lt;div class=\"container\" style=\"display: flex; flex-wrap: wrap;\"&gt;\r\n      &lt;div class=\"col-md-6 columnBlockLayout\" style=\"flex-grow: 1; display: flex; flex-direction: column; min-width: 300px; margin-left: 0px; margin-right: 0px;\"&gt;&lt;img src=\"/subpages.png\" name=\"Subpages.png\" style=\"max-width: 100%; width: 70%; height: auto; margin-left: auto; margin-right: auto;\"&gt;\r\n        &lt;h3&gt;SUBPAGE 1&lt;/h3&gt;\r\n        &lt;p&gt;Create a short description or engaging message to motivate your audience to take action&lt;/p&gt;\r\n      &lt;/div&gt;\r\n      &lt;div class=\"col-md-6 columnBlockLayout\" style=\"flex-grow: 1; display: flex; flex-direction: column; min-width: 300px; margin-left: 0px; margin-right: 0px;\"&gt;&lt;img src=\"/subpages.png\" name=\"Subpages.png\" style=\"max-width: 100%; width: 70%; height: auto; margin-left: auto; margin-right: auto;\"&gt;\r\n        &lt;h3&gt;SUBPAGE 2&lt;/h3&gt;\r\n        &lt;p&gt;Create a short description or engaging message to motivate your audience to take action&lt;/p&gt;\r\n      &lt;/div&gt;\r\n    &lt;/div&gt;\r\n&lt;/div&gt;\r\n&lt;div class=\"row sectionBlockLayout\" data-component-theme=\"portalThemeColor2\" style=\"display: flex; flex-wrap: wrap; text-align: center; min-height: 300px; padding: 45px 8px; margin: 0px;\"&gt;\r\n    &lt;div class=\"container\" style=\"display: flex; flex-wrap: wrap;\"&gt;\r\n      &lt;div class=\"col-md-12 columnBlockLayout\" style=\"flex-grow: 1; display: flex; flex-direction: column; min-width: 300px; margin-left: 0px; margin-right: 0px;\"&gt;\r\n        &lt;h4&gt;Introduce another idea&lt;/h4&gt;\r\n        &lt;h5&gt;This section can be used to offer supporting information or introduce a new idea. It's best to keep it relevant to the contents of the page so it doesn't feel out of place.&lt;/h5&gt;\r\n      &lt;/div&gt;\r\n    &lt;/div&gt;\r\n&lt;/div&gt;","displayorder":2,"enablerating":false,"enabletracking":false,"excludefromsearch":false,"feedbackpolicy":756150000,"hiddenfromsitemap":false,"isroot":false,"pagetemplateid":"4d467245-3d47-ee11-be6e-000d3ab0ecd2","parentpageid":"b154744b-3d47-ee11-be6e-000d3ab0ecd2","partialurl":"page","publishingstateid":"aa617151-3d47-ee11-be6e-000d3ab0ecd2","rootwebpageid":"cd617151-3d47-ee11-be6e-000d3ab0ecd2","sharedpageconfiguration":false,"summary":"&lt;p&gt;This page has a full-size layout (no sidebar).&lt;/p&gt;","title":"Pages"}</content>
  <iscustomizable>1</iscustomizable>
  <name>Pages</name>
  <powerpagecomponenttype>2</powerpagecomponenttype>
  <powerpagesiteid>
    <powerpagesiteid>c3627151-3d47-ee11-be6e-000d3ab0ecd2</powerpagesiteid>
  </powerpagesiteid>
  <powerpagesitelanguageid>
    <powerpagesitelanguageid>c5627151-3d47-ee11-be6e-000d3ab0ecd2</powerpagesitelanguageid>
  </powerpagesitelanguageid>
  <statecode>1</statecode>
  <statuscode>2</statuscode>
</powerpagecomponent>