<powerpagecomponent powerpagecomponentid="a154744b-3d47-ee11-be6e-000d3ab0ecd2">
  <content>{"append":true,"appendto":false,"create":true,"delete":false,"entitylogicalname":"annotation","entityname":"ASP Contacts_Attachment","parententitypermission":"4354744b-3d47-ee11-be6e-000d3ab0ecd2","parentrelationship":"contact_Annotations","read":false,"scope":756150003,"write":false}</content>
  <iscustomizable>1</iscustomizable>
  <name>ASP Contacts_Attachment</name>
  <powerpagecomponenttype>18</powerpagecomponenttype>
  <powerpagesiteid>
    <powerpagesiteid>c3627151-3d47-ee11-be6e-000d3ab0ecd2</powerpagesiteid>
  </powerpagesiteid>
  <statecode>0</statecode>
  <statuscode>1</statuscode>
</powerpagecomponent>