<powerpagecomponent powerpagecomponentid="e954744b-3d47-ee11-be6e-000d3ab0ecd2">
  <content>{"contentdisposition":756150000,"displayorder":7,"enabletracking":false,"excludefromsearch":true,"hiddenfromsitemap":true,"parentpageid":"b154744b-3d47-ee11-be6e-000d3ab0ecd2","partialurl":"bootstrap.min.css","publishingstateid":"aa617151-3d47-ee11-be6e-000d3ab0ecd2"}</content>
  <filecontent mimetype="application/octet-stream">bootstrap.min.css</filecontent>
  <iscustomizable>1</iscustomizable>
  <name>bootstrap.min.css</name>
  <powerpagecomponenttype>3</powerpagecomponenttype>
  <powerpagesiteid>
    <powerpagesiteid>c3627151-3d47-ee11-be6e-000d3ab0ecd2</powerpagesiteid>
  </powerpagesiteid>
  <statecode>0</statecode>
  <statuscode>1</statuscode>
</powerpagecomponent>