<powerpagecomponent powerpagecomponentid="4354744b-3d47-ee11-be6e-000d3ab0ecd2">
  <content>{"adx_entitypermission_webrole":["50467245-3d47-ee11-be6e-000d3ab0ecd2","6a53744b-3d47-ee11-be6e-000d3ab0ecd2"],"append":true,"appendto":true,"create":true,"delete":true,"entitylogicalname":"contact","entityname":"ASP Contacts","read":true,"scope":756150000,"write":true}</content>
  <iscustomizable>1</iscustomizable>
  <name>ASP Contacts</name>
  <powerpagecomponenttype>18</powerpagecomponenttype>
  <powerpagesiteid>
    <powerpagesiteid>c3627151-3d47-ee11-be6e-000d3ab0ecd2</powerpagesiteid>
  </powerpagesiteid>
  <statecode>0</statecode>
  <statuscode>1</statuscode>
</powerpagecomponent>