<powerpagecomponent powerpagecomponentid="5b53744b-3d47-ee11-be6e-000d3ab0ecd2">
  <content>{"enabletracking":false,"excludefromsearch":false,"hiddenfromsitemap":false,"parentpageid":"b154744b-3d47-ee11-be6e-000d3ab0ecd2","partialurl":"instructor-icon.svg","publishingstateid":"aa617151-3d47-ee11-be6e-000d3ab0ecd2"}</content>
  <filecontent mimetype="application/octet-stream">instructor-icon.svg</filecontent>
  <iscustomizable>1</iscustomizable>
  <name>instructor-icon.svg</name>
  <powerpagecomponenttype>3</powerpagecomponenttype>
  <powerpagesiteid>
    <powerpagesiteid>c3627151-3d47-ee11-be6e-000d3ab0ecd2</powerpagesiteid>
  </powerpagesiteid>
  <statecode>0</statecode>
  <statuscode>1</statuscode>
</powerpagecomponent>