<powerpagecomponent powerpagecomponentid="cf54744b-3d47-ee11-be6e-000d3ab0ecd2">
  <content>{"display_name":"Card/Course","type":756150001,"value":"&lt;div data-component-theme=\"portalThemeColor5\" class=\"card\" id=\"card-{{course.msdynce_course_id}}\"&gt;\r\n  &lt;div id=\"courseimage-{{course.msdynce_course_id}}\" data-courseid=\"{{course.msdynce_courseid}}\" class=\"course-card-img\"&gt;\r\n    &lt;div class=\"card-img-top gradient-image placeholder\"&gt;&lt;/div&gt;\r\n  &lt;/div&gt;\r\n  &lt;div class=\"course-days\"&gt;\r\n    {{dayvalues}}\r\n  &lt;/div&gt;\r\n  &lt;div class=\"card-body\"&gt;\r\n    &lt;h3 class=\"card-text-large title\"&gt;{{ course.msdynce_coursename }}&lt;/h3&gt;\r\n    &lt;p class=\"card-text-medium no-margin\"&gt; {{ course.msdynce_coursestartdateandtime | date: 't'}}&lt;span&gt; - &lt;/span&gt;{{ course.msdynce_courseenddateandtime | date: 't'}}&lt;/p&gt;\r\n    &lt;p class=\"card-text startdate\"&gt; {{ course.msdynce_coursestartdateandtime | date: 'MMMM dd'}}&lt;span&gt; - &lt;/span&gt;{{ course.msdynce_courseenddateandtime | date: 'MMMM dd'}}&lt;/p&gt;\r\n    &lt;p class=\"card-text-xsmall\"&gt;&lt;strong&gt;Instructor: &lt;/strong&gt;{{ course.msdynce_instructor | default: 'Pending' }} &lt;/p&gt;\r\n    &lt;p courseid=\"{{course.msdynce_course_id}}\" class=\"card-text-xxsmall description\"&gt;{{course.msdynce_coursedescription | truncate: 150}}\r\n    &lt;/p&gt;\r\n    &lt;p&gt;\r\n      &lt;a class=\"learn-more\" aria-label=\"Learn more about {{ course.msdynce_coursename }} course.\" href=\"{{ sitemarkers['View Course Details'].url }}?id={{course.msdynce_courseid}}\"&gt;Learn more&lt;/a&gt;\r\n    &lt;/p&gt;\r\n    &lt;p&gt;&lt;/p&gt;\r\n    &lt;div class=\"course-category\"&gt;\r\n      &lt;p data-component-theme=\"portalThemeColor3\"&gt;{{course.msdynce_coursecategory.Label}}&lt;/p&gt;\r\n    &lt;/div&gt;\r\n    &lt;div class=\"course-formats\"&gt;{{typeValues}}&lt;/div&gt;\r\n    &lt;div class=\"bottom-right\"&gt;\r\n      &lt;p class=\"card-text-xsmall\"&gt;{{ course.msdynce_registerationmaxcapacity | minus: registered }}&lt;span&gt; spots left / &lt;/span&gt;{{ course.msdynce_registerationmaxcapacity }}&lt;/p&gt;\r\n      {% if user %}\r\n      &lt;a href=\"{{ sitemarkers['View Course Details'].url }}?id={{course.msdynce_courseid}}\" class=\"button1\" aria-label=\"Register for the {{course.msdynce_coursename}} course.\"&gt;Register&lt;/a&gt;\r\n      {% else %}\r\n      &lt;button data-toggle=\"modal\" data-target=\"#signInPopup\" class=\"button1\" aria-label=\"Sign in to register for the {{course.msdynce_coursename}} course.\"&gt;Sign in to Register&lt;/button&gt;\r\n      {% endif %}\r\n      &lt;p class=\"card-text-xxsmall deadline\"&gt;Registration deadline: {{ course.msdynce_registerationdeadline | date: 'MMMM dd'}}&lt;/p&gt;\r\n    &lt;/div&gt;\r\n  &lt;/div&gt;\r\n&lt;/div&gt;"}</content>
  <iscustomizable>1</iscustomizable>
  <name>Card/Course</name>
  <powerpagecomponenttype>7</powerpagecomponenttype>
  <powerpagesiteid>
    <powerpagesiteid>c3627151-3d47-ee11-be6e-000d3ab0ecd2</powerpagesiteid>
  </powerpagesiteid>
  <powerpagesitelanguageid>
    <powerpagesitelanguageid>c5627151-3d47-ee11-be6e-000d3ab0ecd2</powerpagesitelanguageid>
  </powerpagesitelanguageid>
  <statecode>0</statecode>
  <statuscode>1</statuscode>
</powerpagecomponent>