<powerpagecomponent powerpagecomponentid="c1617151-3d47-ee11-be6e-000d3ab0ecd2">
  <content>{"source":"{% extends \"Layout 2 Column Wide Right\" %}\r\r{% block aside %}\r  &lt;div class=\"hidden-xs hidden-print\"&gt;\r    {% include \"Side Navigation\" depth_offset: 1 %}\r  &lt;/div&gt;\r{% endblock %}"}</content>
  <iscustomizable>1</iscustomizable>
  <name>Page with Side Navigation (2 columns)</name>
  <powerpagecomponenttype>8</powerpagecomponenttype>
  <powerpagesiteid>
    <powerpagesiteid>c3627151-3d47-ee11-be6e-000d3ab0ecd2</powerpagesiteid>
  </powerpagesiteid>
  <statecode>0</statecode>
  <statuscode>1</statuscode>
</powerpagecomponent>