<powerpagecomponent powerpagecomponentid="f1617151-3d47-ee11-be6e-000d3ab0ecd2">
  <content>{"adx_webpageaccesscontrolrule_webrole":["50467245-3d47-ee11-be6e-000d3ab0ecd2","6a53744b-3d47-ee11-be6e-000d3ab0ecd2","61617151-3d47-ee11-be6e-000d3ab0ecd2"],"right":2,"scope":1,"webpageid":"82467245-3d47-ee11-be6e-000d3ab0ecd2"}</content>
  <iscustomizable>1</iscustomizable>
  <name>Restrict Read on C1 Courses Home</name>
  <powerpagecomponenttype>10</powerpagecomponenttype>
  <powerpagesiteid>
    <powerpagesiteid>c3627151-3d47-ee11-be6e-000d3ab0ecd2</powerpagesiteid>
  </powerpagesiteid>
  <statecode>0</statecode>
  <statuscode>1</statuscode>
</powerpagecomponent>