<powerpagecomponent powerpagecomponentid="9053744b-3d47-ee11-be6e-000d3ab0ecd2">
  <content>{"disablepagevalidation":false,"displayimageonly":false,"displayorder":2,"displaypagechildlinks":false,"openinnewwindow":false,"pageid":"4c627151-3d47-ee11-be6e-000d3ab0ecd2","publishingstateid":"aa617151-3d47-ee11-be6e-000d3ab0ecd2","robotsfollowlink":false,"weblinksetid":"7a53744b-3d47-ee11-be6e-000d3ab0ecd2"}</content>
  <iscustomizable>1</iscustomizable>
  <name>My Attendees</name>
  <powerpagecomponenttype>5</powerpagecomponenttype>
  <powerpagesiteid>
    <powerpagesiteid>c3627151-3d47-ee11-be6e-000d3ab0ecd2</powerpagesiteid>
  </powerpagesiteid>
  <statecode>0</statecode>
  <statuscode>1</statuscode>
</powerpagecomponent>