<powerpagecomponent powerpagecomponentid="0954744b-3d47-ee11-be6e-000d3ab0ecd2">
  <content>{"copy":"&lt;div class=\"row sectionBlockLayout\" data-component-theme=\"portalThemeColor2\" style=\"height: 15px; min-height: 15px;\"&gt;\r\n&lt;/div&gt;\r\n&lt;div class=\"row sectionBlockLayout\" style=\"display: flex; flex-wrap: wrap; text-align: left; min-height: 361px; padding: 8px; margin: 0px; background: url('/wave-background.png');\"&gt;\r\n  &lt;div class=\"container\" style=\"display: flex; flex-wrap: wrap;\"&gt;\r\n    &lt;div class=\"col-md-12 columnBlockLayout\" style=\"flex-grow: 1; display: flex; flex-direction: column; min-width: 300px; margin-left: 0px; margin-right: 0px;\"&gt;&lt;br&gt;\r\n      &lt;h2&gt;Contact us&lt;/h2&gt;\r\n    &lt;/div&gt;\r\n  &lt;/div&gt;\r\n&lt;/div&gt;\r\n&lt;div class=\"row sectionBlockLayout\" style=\"display: flex; flex-wrap: wrap; margin: 0px; text-align: left; min-height: 374px; padding: 8px;\"&gt;\r\n  &lt;div class=\"container\" style=\"display: flex; flex-wrap: wrap;\"&gt;\r\n    &lt;div class=\"col-md-12 columnBlockLayout\" style=\"flex-grow: 1; display: flex; flex-direction: column; min-width: 300px; margin-left: 0px; margin-right: 0px;\"&gt;{% entityform name: 'simple contact us form' %}&lt;/div&gt;\r\n  &lt;/div&gt;\r\n&lt;/div&gt;\r\n&lt;div class=\"row sectionBlockLayout\" style=\"display: flex; flex-wrap: wrap; margin: 0px; text-align: left; min-height: 374px; padding: 8px;\"&gt;\r\n  &lt;div class=\"container\" style=\"display: flex; flex-wrap: wrap;\"&gt;\r\n    &lt;div class=\"col-md-12 columnBlockLayout\" style=\"flex-grow: 1; display: flex; flex-direction: column; min-width: 300px; margin-left: 0px; margin-right: 0px;\"&gt;&lt;iframe frameborder=\"0\" src=\"https://www.bing.com/maps/embed?h=400&amp;amp;w=1110&amp;amp;cp=10.394100000000009~76.35009999999998&amp;amp;lvl=11&amp;amp;typ=d&amp;amp;sty=r&amp;amp;src=SHELL&amp;amp;FORM=MBEDV8\" style=\"width: 1113px; height: 328px;\"&gt;&lt;/iframe&gt;&lt;/div&gt;\r\n  &lt;/div&gt;\r\n&lt;/div&gt;","displayorder":3,"enablerating":false,"enabletracking":false,"excludefromsearch":false,"feedbackpolicy":756150000,"hiddenfromsitemap":false,"isroot":false,"pagetemplateid":"4d467245-3d47-ee11-be6e-000d3ab0ecd2","parentpageid":"b154744b-3d47-ee11-be6e-000d3ab0ecd2","partialurl":"contact-us","publishingstateid":"aa617151-3d47-ee11-be6e-000d3ab0ecd2","rootwebpageid":"fe617151-3d47-ee11-be6e-000d3ab0ecd2","sharedpageconfiguration":false,"summary":"&lt;p&gt;This is sample landing page for you to start building your website&lt;/p&gt;"}</content>
  <iscustomizable>1</iscustomizable>
  <name>Contact us</name>
  <powerpagecomponenttype>2</powerpagecomponenttype>
  <powerpagesiteid>
    <powerpagesiteid>c3627151-3d47-ee11-be6e-000d3ab0ecd2</powerpagesiteid>
  </powerpagesiteid>
  <powerpagesitelanguageid>
    <powerpagesitelanguageid>c5627151-3d47-ee11-be6e-000d3ab0ecd2</powerpagesitelanguageid>
  </powerpagesitelanguageid>
  <statecode>1</statecode>
  <statuscode>2</statuscode>
</powerpagecomponent>