<powerpagecomponent powerpagecomponentid="8b467245-3d47-ee11-be6e-000d3ab0ecd2">
  <content>{"copy":"&lt;div class=\"row sectionBlockLayout\" style=\"display: flex; flex-wrap: wrap; padding: 8px; margin: 0px; text-align: left; min-height: 100px;\"&gt;\r\n  &lt;div class=\"container\" style=\"display: flex; flex-wrap: wrap;\"&gt;\r\n    &lt;div class=\"col-md-12 columnBlockLayout\" style=\"flex-grow: 1;min-width: 300px;display: flex;flex-direction: column;margin: 0;padding: 0;\"&gt;{% entityform name: 'Unregister Attendee' %}&lt;/div&gt;\r\n  &lt;/div&gt;\r\n&lt;/div&gt;","customcss":"div.navbar {\r\n    display: none;\r\n}\r\ninput#UpdateButton {\r\n    display: none;\r\n}\r\nbutton.deactivate-link.btn-default.btn {\r\n    width: 100%;\r\n}\r\ndiv#EntityFormPanel {\r\n    background-color: #fff;\r\n}\r\n .form-custom-actions {\r\n    display: flex;\r\n  }","customjavascript":"$(function(){\r\n    $(\".form-custom-actions\").prepend(\"&lt;div class='col-sm-6 clearfix'&gt;&lt;div class='form-action-container-left'&gt;&lt;button class='btn btn-secondary' id='cancelUnregisterButton'&gt;Keep&lt;/button&gt;&lt;/div&gt;&lt;/div&gt;\");\r\n    $(\"button.deactivate-link.btn-default.btn\").addClass(\"btn-primary\");\r\n\r\n    $(\"#cancelUnregisterButton\").click(function(e){\r\n        e.preventDefault();\r\n        window.parent.closeModal();\r\n    });\r\n    \r\n    $(\".deactivate-link.btn-default.btn.btn-primary\").click(function(e){\r\n        window.parent.location.href = \"/my-registrations\";\r\n    });\r\n})","displayorder":19,"enablerating":false,"enabletracking":false,"excludefromsearch":false,"feedbackpolicy":756150000,"hiddenfromsitemap":false,"isroot":false,"pagetemplateid":"4d467245-3d47-ee11-be6e-000d3ab0ecd2","parentpageid":"b154744b-3d47-ee11-be6e-000d3ab0ecd2","partialurl":"unregister-attendee","publishingstateid":"aa617151-3d47-ee11-be6e-000d3ab0ecd2","rootwebpageid":"7b467245-3d47-ee11-be6e-000d3ab0ecd2","sharedpageconfiguration":true,"summary":"&lt;p&gt;This is sample landing page for you to start building your website&lt;/p&gt;","title":"Unregister Attendee"}</content>
  <iscustomizable>1</iscustomizable>
  <name>Unregister Attendee</name>
  <powerpagecomponenttype>2</powerpagecomponenttype>
  <powerpagesiteid>
    <powerpagesiteid>c3627151-3d47-ee11-be6e-000d3ab0ecd2</powerpagesiteid>
  </powerpagesiteid>
  <powerpagesitelanguageid>
    <powerpagesitelanguageid>c5627151-3d47-ee11-be6e-000d3ab0ecd2</powerpagesitelanguageid>
  </powerpagesitelanguageid>
  <statecode>0</statecode>
  <statuscode>1</statuscode>
</powerpagecomponent>