<powerpagecomponent powerpagecomponentid="3454744b-3d47-ee11-be6e-000d3ab0ecd2">
  <content>{"display_name":"Portal Generic Error","type":756150000,"value":"We are sorry, but seems something went wrong. Please try again, and if this persists, contact the website administrator."}</content>
  <iscustomizable>1</iscustomizable>
  <name>Portal Generic Error</name>
  <powerpagecomponenttype>7</powerpagecomponenttype>
  <powerpagesiteid>
    <powerpagesiteid>c3627151-3d47-ee11-be6e-000d3ab0ecd2</powerpagesiteid>
  </powerpagesiteid>
  <powerpagesitelanguageid>
    <powerpagesitelanguageid>c5627151-3d47-ee11-be6e-000d3ab0ecd2</powerpagesitelanguageid>
  </powerpagesitelanguageid>
  <statecode>0</statecode>
  <statuscode>1</statuscode>
</powerpagecomponent>