<powerpagecomponent powerpagecomponentid="b154744b-3d47-ee11-be6e-000d3ab0ecd2">
  <content>{"displayorder":1,"enablerating":false,"enabletracking":false,"excludefromsearch":false,"feedbackpolicy":756150005,"hiddenfromsitemap":false,"isroot":true,"pagetemplateid":"4d467245-3d47-ee11-be6e-000d3ab0ecd2","partialurl":"/","publishingstateid":"aa617151-3d47-ee11-be6e-000d3ab0ecd2","sharedpageconfiguration":false,"title":"Home"}</content>
  <iscustomizable>1</iscustomizable>
  <name>Home</name>
  <powerpagecomponenttype>2</powerpagecomponenttype>
  <powerpagesiteid>
    <powerpagesiteid>c3627151-3d47-ee11-be6e-000d3ab0ecd2</powerpagesiteid>
  </powerpagesiteid>
  <statecode>0</statecode>
  <statuscode>1</statuscode>
</powerpagecomponent>