<powerpagecomponent powerpagecomponentid="9054744b-3d47-ee11-be6e-000d3ab0ecd2">
  <content>{"display_name":"Registration Disabled Message","type":756150001,"value":"&lt;div class=\"alert alert-warning\"&gt;\r\n  Registration is disabled\r\n&lt;/div&gt;"}</content>
  <iscustomizable>1</iscustomizable>
  <name>Account/Register/RegistrationDisabledMessage</name>
  <powerpagecomponenttype>7</powerpagecomponenttype>
  <powerpagesiteid>
    <powerpagesiteid>c3627151-3d47-ee11-be6e-000d3ab0ecd2</powerpagesiteid>
  </powerpagesiteid>
  <statecode>0</statecode>
  <statuscode>1</statuscode>
</powerpagecomponent>