<powerpagecomponent powerpagecomponentid="71467245-3d47-ee11-be6e-000d3ab0ecd2">
  <content>{"description":"Setting controls whether attachments will be displayed on Knowledge articles","value":"false"}</content>
  <iscustomizable>1</iscustomizable>
  <name>KnowledgeManagement/DisplayNotes</name>
  <powerpagecomponenttype>9</powerpagecomponenttype>
  <powerpagesiteid>
    <powerpagesiteid>c3627151-3d47-ee11-be6e-000d3ab0ecd2</powerpagesiteid>
  </powerpagesiteid>
  <statecode>0</statecode>
  <statuscode>1</statuscode>
</powerpagecomponent>