<powerpagecomponent powerpagecomponentid="68617151-3d47-ee11-be6e-000d3ab0ecd2">
  <content>{"display_name":"Footer","type":756150001,"value":"&lt;p style='color:var(--portalThemeOnColor6)'&gt;\r\n  &lt;span style='position: relative;'&gt;Copyright © &lt;/span&gt;{{ now | date: 'yyyy' -}}\r\n  &lt;span style='position: relative;'&gt;. All rights reserved.&lt;/span&gt;\r\n&lt;/p&gt;\r\n"}</content>
  <iscustomizable>1</iscustomizable>
  <name>Footer</name>
  <powerpagecomponenttype>7</powerpagecomponenttype>
  <powerpagesiteid>
    <powerpagesiteid>c3627151-3d47-ee11-be6e-000d3ab0ecd2</powerpagesiteid>
  </powerpagesiteid>
  <powerpagesitelanguageid>
    <powerpagesitelanguageid>c5627151-3d47-ee11-be6e-000d3ab0ecd2</powerpagesitelanguageid>
  </powerpagesitelanguageid>
  <statecode>0</statecode>
  <statuscode>1</statuscode>
</powerpagecomponent>