<powerpagecomponent powerpagecomponentid="62617151-3d47-ee11-be6e-000d3ab0ecd2">
  <content>{"value":"Max capacity should be higher than 1."}</content>
  <iscustomizable>1</iscustomizable>
  <name>ASP/Course/Form/Validation/Field/MaxCapacityLow</name>
  <powerpagecomponenttype>9</powerpagecomponenttype>
  <powerpagesiteid>
    <powerpagesiteid>c3627151-3d47-ee11-be6e-000d3ab0ecd2</powerpagesiteid>
  </powerpagesiteid>
  <statecode>0</statecode>
  <statuscode>1</statuscode>
</powerpagecomponent>