<powerpagecomponent powerpagecomponentid="f853744b-3d47-ee11-be6e-000d3ab0ecd2">
  <content>{"copy":"&lt;p&gt;Please provide some information about yourself.&lt;/p&gt;\r\n\r\n&lt;p&gt;The First Name and Last Name you provide will be displayed alongside any comments, forum posts, or ideas you make on the site.&lt;/p&gt;\r\n\r\n&lt;p&gt;The Email Address and Phone number will not be displayed on the site.&lt;/p&gt;\r\n\r\n&lt;p&gt;Your Organization and Title are optional. They will be displayed with your comments and forum posts.&lt;/p&gt;","customcss":"body{\r\n    background:#fff;\r\n}\r\nform#content_form {\r\n    margin-top: 30px;\r\n}\r\nform .form-control {\r\n    border: 1px solid #CCCCCC;\r\n}\r\n.xrm-attribute-value p {\r\n    font-size: 14px;\r\n    margin: 0;\r\n}\r\n.row .col-md-8 &gt; fieldset {\r\n    margin-top: 20px;\r\n}\r\n#ContentContainer_MainContent_MainContent_ContentBottom_MarketingOptionsPanel .col-sm-12 {\r\n    display: flex;\r\n}\r\n#ContentContainer_MainContent_MainContent_ContentBottom_MarketingOptionsPanel .checkbox {\r\n    margin: 0 10px;\r\n}\r\n#ContentContainer_MainContent_MainContent_ContentBottom_MarketingOptionsPanel legend {\r\n    font-size: 16px;\r\n    font-weight: 600;\r\n}\r\nspan.checkmark {\r\n    left: 0;\r\n    top: 3px;\r\n}\r\n.alert.alert-info.clearfix {\r\n    margin-top: 10px;\r\n    background: #FAE1C8;\r\n}\r\n.alert a.btn.btn-info.btn-xs {\r\n    background: transparent;\r\n    border: none;\r\n    color: #BF7560;\r\n    text-decoration: underline;\r\n    font-weight: 700;\r\n}\r\n.fa-envelope-o:before {\r\n    content: none;\r\n}\r\n.page-heading {\r\n    display: none;\r\n}\r\n.xrm-editable-adx_weblinkset.xrm-entity {\r\n    display: none;\r\n}\r\nfooter {\r\n    display: none;\r\n}\r\n\r\n/* START PROFILE STYLE */\r\ndiv#ProfileFormView {\r\n  background-color: transparent;\r\n  border: none;\r\n}\r\n.col-md-4 .well {\r\n  border-radius: 10px;\r\n  background: #fff;\r\n  border: 1px solid #CCCCCC;\r\n}\r\n.col-md-4 .well img {\r\n  border-radius: 10px;\r\n}\r\n.panel.panel-default.nav-profile .panel-heading {\r\n  border-radius: 12px 12px 0 0;\r\n  background: #BF7560;\r\n  color: #fff;\r\n}\r\n.panel.panel-default.nav-profile {\r\n  border:2px solid #BF7560;\r\n  border-radius: 13px;\r\n}\r\n.panel&gt;.list-group:last-child .list-group-item:last-child, .panel&gt;.panel-collapse&gt;.list-group:last-child .list-group-item:last-child {\r\n    border-radius: 0 0 18px 18px;\r\n}\r\n#ProfileFormView td.clearfix.cell.text.form-control-cell {\r\n    padding: 0 15px 15px 0;\r\n}\r\nbody[data-sitemap-state=\"/profile/:/\"] .page-header {\r\n    border-bottom: 1px solid #CCCCCC;\r\n}\r\nbody[data-sitemap-state=\"/profile/:/\"] .list-group-item \r\n{\r\nbackground-color:transparent;\r\n}\r\nbody[data-sitemap-state=\"/profile/:/\"] .weblinks .list-group-item:first-child\r\n{\r\n    border-radius:10px 10px 0px 0px;\r\n}\r\nbody[data-sitemap-state=\"/profile/:/\"] .weblinks .list-group-item:last-child\r\n{\r\n    border-radius:0px 0px 10px 10px;\r\n}\r\nbody[data-sitemap-state=\"/profile/:/\"] .fa-exclamation-circle:before\r\n{\r\n    color:#BF7560;\r\n}\r\nbody[data-sitemap-state=\"/profile/:/\"] legend\r\n{\r\n    border:0px;\r\n}\r\n\r\n#adx_publicprofilecopy, #websiteurl, #jobtitle, \r\n#nickname, #telephone1, #adx_organizationname, #mobilephone, #emailaddress1,\r\n#lastname, #firstname\r\n{\r\n    border:1px solid #CCCCCC;\r\n    border-radius:10px;\r\n}\r\n#adx_preferredlanguageid_name\r\n{\r\n    border:1px solid #CCCCCC;\r\n    border-radius:10px 0px 0px 10px;\r\n}\r\n/* END PROFILE*/\r\n","customjavascript":"$( document ).ready(function() {\r\n    // Hide marketing preference checkbox for a fax and mail\r\n    $('#ContentContainer_MainContent_MainContent_ContentBottom_MarketingOptionsPanel input[title=\"Fax\"]').parent().parent().parent().hide();\r\n    $('#ContentContainer_MainContent_MainContent_ContentBottom_MarketingOptionsPanel input[title=\"Mail\"]').parent().parent().parent().hide();\r\n    $(\".checkbox &gt; label\").addClass(\"checkbox-container\");\r\n    $(\".checkbox-container &gt; span:first-child\").append( \"&lt;span class='checkmark'&gt;&lt;/span&gt;\" );\r\n    $(\"#ContentContainer_MainContent_MainContent_ContentBottom_SubmitButton\").prop(\"value\",\"Save &amp; proceed\");\r\n\r\n\r\n    //hiding unwanted fields\r\n    $('#adx_preferredlanguageid_name').parent().parent().parent().hide();\r\n    $('#adx_organizationname').parent().parent().hide();\r\n    $('#telephone1').parent().parent().hide();\r\n    $('#nickname').parent().parent().hide();\r\n    $('#jobtitle').parent().parent().hide();\r\n    $('#websiteurl').parent().parent().hide();\r\n    $('#adx_publicprofilecopy').parent().parent().hide();\r\n});","enablerating":false,"enabletracking":false,"excludefromsearch":false,"feedbackpolicy":756150000,"hiddenfromsitemap":true,"isroot":false,"pagetemplateid":"2754744b-3d47-ee11-be6e-000d3ab0ecd2","parentpageid":"b154744b-3d47-ee11-be6e-000d3ab0ecd2","partialurl":"profile","publishingstateid":"aa617151-3d47-ee11-be6e-000d3ab0ecd2","rootwebpageid":"7e467245-3d47-ee11-be6e-000d3ab0ecd2","sharedpageconfiguration":false,"title":"Profile"}</content>
  <iscustomizable>1</iscustomizable>
  <name>Profile</name>
  <powerpagecomponenttype>2</powerpagecomponenttype>
  <powerpagesiteid>
    <powerpagesiteid>c3627151-3d47-ee11-be6e-000d3ab0ecd2</powerpagesiteid>
  </powerpagesiteid>
  <powerpagesitelanguageid>
    <powerpagesitelanguageid>c5627151-3d47-ee11-be6e-000d3ab0ecd2</powerpagesitelanguageid>
  </powerpagesitelanguageid>
  <statecode>0</statecode>
  <statuscode>1</statuscode>
</powerpagecomponent>