<powerpagesitelanguages>
  <powerpagesitelanguage powerpagesitelanguageid="c5627151-3d47-ee11-be6e-000d3ab0ecd2">
    <content>{"publishingstate":"aa617151-3d47-ee11-be6e-000d3ab0ecd2","systemlanguage":1033}</content>
    <displayname>English</displayname>
    <iscustomizable>1</iscustomizable>
    <languagecode>en-US</languagecode>
    <lcid>1033</lcid>
    <name>English</name>
    <powerpagesiteid>
      <powerpagesiteid>c3627151-3d47-ee11-be6e-000d3ab0ecd2</powerpagesiteid>
    </powerpagesiteid>
    <statecode>0</statecode>
    <statuscode>1</statuscode>
  </powerpagesitelanguage>
</powerpagesitelanguages>