<powerpagecomponent powerpagecomponentid="c6467245-3d47-ee11-be6e-000d3ab0ecd2">
  <content>{"source":"{% extends 'Layout 1 Column' %}\r\r{% block title %}\r  {% if page.children.size &gt; 0 %}\r    {% include 'Tab Header' %}\r  {% else %}\r    {% include 'Page Header' %}\r  {% endif %}\r{% endblock %}"}</content>
  <iscustomizable>1</iscustomizable>
  <name>Category</name>
  <powerpagecomponenttype>8</powerpagecomponenttype>
  <powerpagesiteid>
    <powerpagesiteid>c3627151-3d47-ee11-be6e-000d3ab0ecd2</powerpagesiteid>
  </powerpagesiteid>
  <statecode>0</statecode>
  <statuscode>1</statuscode>
</powerpagecomponent>