<powerpagecomponent powerpagecomponentid="5a627151-3d47-ee11-be6e-000d3ab0ecd2">
  <content>{"source":"&lt;div class=\"page-header\"&gt;\r\n    &lt;h1&gt;{% editable page 'adx_title' type: 'html', liquid: true %}&lt;/h1&gt;\r\n&lt;/div&gt;"}</content>
  <iscustomizable>1</iscustomizable>
  <name>Page Header</name>
  <powerpagecomponenttype>8</powerpagecomponenttype>
  <powerpagesiteid>
    <powerpagesiteid>c3627151-3d47-ee11-be6e-000d3ab0ecd2</powerpagesiteid>
  </powerpagesiteid>
  <statecode>0</statecode>
  <statuscode>1</statuscode>
</powerpagecomponent>