<powerpagecomponent powerpagecomponentid="6d53744b-3d47-ee11-be6e-000d3ab0ecd2">
  <content>{"type":756150001,"value":"&lt;div class=\"col-sm-6 registration-card-col\" id=\"card-{{registration.msdynce_registrationid}}\"&gt;\r\n    &lt;div class=\"card course-card flex-card\"&gt;\r\n        &lt;div class=\"row card-body\"&gt;\r\n                &lt;div class=\"card-flex-left\"&gt;\r\n                    &lt;div class=\"course-days\"&gt;\r\n                        {{dayvalues}}\r\n                    &lt;/div&gt;\r\n                &lt;div class=\"title-container\"&gt;\r\n                    &lt;p class=\"card-text-large\"&gt; {{registration.coursename}} &lt;/p&gt;\r\n                &lt;/div&gt;\r\n                &lt;div class=\"sub-flex-content\"&gt;\r\n                    &lt;div class=\"sub-left\"&gt;\r\n                    &lt;img id=\"imgfull-{{registration.parent}}-{{registration.msdynce_registrationid}}\" data-attendee=\"{{registration.msdynce_attendeename.id}}\" src=\"{{ settings['Card/ChildFiller']}}\" alt=\"{{registration.fullname}} profile photo\"&gt;\r\n                    &lt;p class=\"card-text-xsmall text-center\"&gt;{{registration.fullname}}&lt;/p&gt;\r\n                    &lt;/div&gt;\r\n                    &lt;div class=\"sub-right\"&gt;\r\n                        &lt;p class=\"card-text-medium card-time\"&gt; {{registration.coursestart | date: 't'}} to {{registration.courseend | date: 't'}} &lt;/p&gt;\r\n                        &lt;p class=\"card-text-xsmall card-day\"&gt; {{registration.coursestart | date: 'MMMM dd'}} - {{registration.courseend | date: 'MMMM dd'}} &lt;/p&gt;\r\n\r\n                        &lt;div class=\"course-type\"&gt;\r\n                            {{typeValues}} \r\n                        &lt;/div&gt;\r\n                        &lt;button type=\"button\" id=\"unregisterButton-{{registration.msdynce_registrationid}}\" class=\"btn-link\" data-toggle=\"modal\" data-target=\"#unregisterModal\" onclick=\"showUnregisterModal('{{registration.msdynce_registrationid}}')\"&gt;Cancel registration&lt;/button&gt;\r\n        \r\n                    &lt;/div&gt;\r\n                &lt;/div&gt;\r\n                &lt;/div&gt;\r\n                &lt;div class=\"card-flex-right\" id=\"div{{registration.msdynce_registrationid}}\" data-regid=\"{{registration.msdynce_registrationid}}\" data-courseid=\"{{registration.course}}\"&gt;                            \r\n                    &lt;div class=\"mobile-right\"&gt;\r\n                        &lt;img id=\"img-{{registration.msdynce_attendeename}}\" data-attendee=\"{{registration.msdynce_attendeename.id}}\" src=\"{{ settings['Card/ChildFiller']}}\" alt=\"{{registration.fullname}} profile photo\"&gt;\r\n                        &lt;p class=\"card-text-xsmall text-center\"&gt;{{registration.fullname}}&lt;/p&gt;\r\n                        &lt;button type=\"button\" class=\"btn-link\" data-toggle=\"modal\" data-target=\"#unregisterModal\" onclick=\"showUnregisterModal('{{registration.msdynce_registrationid}}')\"&gt;Cancel registration&lt;/button&gt;\r\n                    &lt;/div&gt;\r\n                &lt;/div&gt;\r\n        &lt;/div&gt;\r\n    &lt;/div&gt;\r\n&lt;/div&gt;"}</content>
  <iscustomizable>1</iscustomizable>
  <name>Card/Registrations</name>
  <powerpagecomponenttype>7</powerpagecomponenttype>
  <powerpagesiteid>
    <powerpagesiteid>c3627151-3d47-ee11-be6e-000d3ab0ecd2</powerpagesiteid>
  </powerpagesiteid>
  <powerpagesitelanguageid>
    <powerpagesitelanguageid>c5627151-3d47-ee11-be6e-000d3ab0ecd2</powerpagesitelanguageid>
  </powerpagesitelanguageid>
  <statecode>0</statecode>
  <statuscode>1</statuscode>
</powerpagecomponent>