<powerpagecomponent powerpagecomponentid="e253744b-3d47-ee11-be6e-000d3ab0ecd2">
  <content>{"source":"&lt;!-- Get Course categories option set values --&gt;\r\n{% fetchxml coursecategories %}\r\n&lt;fetch distinct=\"true\" &gt;\r\n  &lt;entity name=\"stringmap\" &gt;\r\n    &lt;attribute name=\"attributevalue\" /&gt;\r\n    &lt;attribute name=\"displayorder\" /&gt;\r\n    &lt;attribute name=\"value\" /&gt;\r\n    &lt;attribute name=\"attributename\" /&gt;\r\n    &lt;attribute name=\"objecttypecode\" /&gt;\r\n    &lt;filter&gt;\r\n      &lt;condition attribute=\"attributename\" operator=\"eq\" value=\"msdynce_coursecategory\" /&gt;\r\n      &lt;condition attribute=\"langid\" operator=\"eq\" value=\"{{website.adx_website_language}}\" /&gt;\r\n    &lt;/filter&gt;\r\n    &lt;order attribute=\"objecttypecode\" descending=\"true\" /&gt;\r\n    &lt;order attribute=\"displayorder\" /&gt;\r\n  &lt;/entity&gt;\r\n&lt;/fetch&gt;\r\n{% endfetchxml %}\r\n\r\n{% if coursecategories.results and coursecategories.results.entities and coursecategories.results.entities.size &gt; 0 %}\r\n{% assign entityCode = coursecategories.results.entities[0].objecttypecode %}\r\n{% endif %}\r\n\r\n{% editable snippets 'Filter/Category Filter' type: 'html' %}"}</content>
  <iscustomizable>1</iscustomizable>
  <name>Category Filter</name>
  <powerpagecomponenttype>8</powerpagecomponenttype>
  <powerpagesiteid>
    <powerpagesiteid>c3627151-3d47-ee11-be6e-000d3ab0ecd2</powerpagesiteid>
  </powerpagesiteid>
  <statecode>0</statecode>
  <statuscode>1</statuscode>
</powerpagecomponent>