<powerpagecomponent powerpagecomponentid="79467245-3d47-ee11-be6e-000d3ab0ecd2">
  <content>{"display_name":"Account/Signin/Minor Without Parental Consent Not Allowed Copy","type":756150001,"value":"&lt;p&gt;The use of this portal by minors requires parental consent.&lt;/p&gt;"}</content>
  <iscustomizable>1</iscustomizable>
  <name>Account/Signin/MinorWithoutParentalConsentNotAllowedCopy</name>
  <powerpagecomponenttype>7</powerpagecomponenttype>
  <powerpagesiteid>
    <powerpagesiteid>c3627151-3d47-ee11-be6e-000d3ab0ecd2</powerpagesiteid>
  </powerpagesiteid>
  <powerpagesitelanguageid>
    <powerpagesitelanguageid>c5627151-3d47-ee11-be6e-000d3ab0ecd2</powerpagesitelanguageid>
  </powerpagesitelanguageid>
  <statecode>0</statecode>
  <statuscode>1</statuscode>
</powerpagecomponent>