<powerpagecomponent powerpagecomponentid="c053744b-3d47-ee11-be6e-000d3ab0ecd2">
  <content>{"adx_webpageaccesscontrolrule_webrole":["6a53744b-3d47-ee11-be6e-000d3ab0ecd2","61617151-3d47-ee11-be6e-000d3ab0ecd2"],"right":2,"scope":2,"webpageid":"b154744b-3d47-ee11-be6e-000d3ab0ecd2"}</content>
  <iscustomizable>1</iscustomizable>
  <name>Restrict Read on Home</name>
  <powerpagecomponenttype>10</powerpagecomponenttype>
  <powerpagesiteid>
    <powerpagesiteid>c3627151-3d47-ee11-be6e-000d3ab0ecd2</powerpagesiteid>
  </powerpagesiteid>
  <statecode>1</statecode>
  <statuscode>2</statuscode>
</powerpagecomponent>