<powerpagecomponent powerpagecomponentid="07627151-3d47-ee11-be6e-000d3ab0ecd2">
  <content>{"display_name":"Account/Signin/SignIn External Deprecated Form Heading","type":756150000,"value":"Sign in with a legacy account"}</content>
  <iscustomizable>1</iscustomizable>
  <name>Account/Signin/SignInExternalDeprecatedFormHeading</name>
  <powerpagecomponenttype>7</powerpagecomponenttype>
  <powerpagesiteid>
    <powerpagesiteid>c3627151-3d47-ee11-be6e-000d3ab0ecd2</powerpagesiteid>
  </powerpagesiteid>
  <powerpagesitelanguageid>
    <powerpagesitelanguageid>c5627151-3d47-ee11-be6e-000d3ab0ecd2</powerpagesitelanguageid>
  </powerpagesitelanguageid>
  <statecode>0</statecode>
  <statuscode>1</statuscode>
</powerpagecomponent>