<powerpagecomponent powerpagecomponentid="5b617151-3d47-ee11-be6e-000d3ab0ecd2">
  <content>{"display_name":"Account/Signin/Account Conversion Identity Used Error Text","type":756150001,"value":"&lt;p&gt;This account already exists. Close your browser, restart the process, and select a different account on the &lt;b&gt;Account Migration&lt;/b&gt; page.&lt;/p&gt;"}</content>
  <iscustomizable>1</iscustomizable>
  <name>Account/Signin/AccountConversionIdentityUsedErrorText</name>
  <powerpagecomponenttype>7</powerpagecomponenttype>
  <powerpagesiteid>
    <powerpagesiteid>c3627151-3d47-ee11-be6e-000d3ab0ecd2</powerpagesiteid>
  </powerpagesiteid>
  <powerpagesitelanguageid>
    <powerpagesitelanguageid>c5627151-3d47-ee11-be6e-000d3ab0ecd2</powerpagesitelanguageid>
  </powerpagesitelanguageid>
  <statecode>0</statecode>
  <statuscode>1</statuscode>
</powerpagecomponent>