<powerpagecomponent powerpagecomponentid="eb617151-3d47-ee11-be6e-000d3ab0ecd2">
  <content>{"display_name":"Account/Conversion/Page Copy","type":756150001,"value":"&lt;p&gt;You have signed in with an account that is no longer supported. To continue using this portal, you must migrate to a different account. Select the button below to sign in with a new or existing supported account.&lt;/p&gt;"}</content>
  <iscustomizable>1</iscustomizable>
  <name>Account/Conversion/PageCopy</name>
  <powerpagecomponenttype>7</powerpagecomponenttype>
  <powerpagesiteid>
    <powerpagesiteid>c3627151-3d47-ee11-be6e-000d3ab0ecd2</powerpagesiteid>
  </powerpagesiteid>
  <powerpagesitelanguageid>
    <powerpagesitelanguageid>c5627151-3d47-ee11-be6e-000d3ab0ecd2</powerpagesitelanguageid>
  </powerpagesitelanguageid>
  <statecode>0</statecode>
  <statuscode>1</statuscode>
</powerpagecomponent>