<powerpagecomponent powerpagecomponentid="8a54744b-3d47-ee11-be6e-000d3ab0ecd2">
  <content>{"display_name":"Page Modified On Prefix","type":756150000,"value":"This page was last updated"}</content>
  <iscustomizable>1</iscustomizable>
  <name>Page Modified On Prefix</name>
  <powerpagecomponenttype>7</powerpagecomponenttype>
  <powerpagesiteid>
    <powerpagesiteid>c3627151-3d47-ee11-be6e-000d3ab0ecd2</powerpagesiteid>
  </powerpagesiteid>
  <powerpagesitelanguageid>
    <powerpagesitelanguageid>c5627151-3d47-ee11-be6e-000d3ab0ecd2</powerpagesitelanguageid>
  </powerpagesitelanguageid>
  <statecode>0</statecode>
  <statuscode>1</statuscode>
</powerpagecomponent>