<powerpagecomponent powerpagecomponentid="8854744b-3d47-ee11-be6e-000d3ab0ecd2">
  <content>{"display_name":"Navbar Left","type":756150001,"value":"&lt;p&gt;&lt;a class=\"homelink\" href=\"~/\" title=\"Program Registration\"&gt;Program Registration&lt;/a&gt;&lt;/p&gt;"}</content>
  <iscustomizable>1</iscustomizable>
  <name>Navbar Left</name>
  <powerpagecomponenttype>7</powerpagecomponenttype>
  <powerpagesiteid>
    <powerpagesiteid>c3627151-3d47-ee11-be6e-000d3ab0ecd2</powerpagesiteid>
  </powerpagesiteid>
  <powerpagesitelanguageid>
    <powerpagesitelanguageid>c5627151-3d47-ee11-be6e-000d3ab0ecd2</powerpagesitelanguageid>
  </powerpagesitelanguageid>
  <statecode>0</statecode>
  <statuscode>1</statuscode>
</powerpagecomponent>