<powerpagecomponent powerpagecomponentid="0c627151-3d47-ee11-be6e-000d3ab0ecd2">
  <content>{"type":756150001,"value":"&lt;span class=\"child-filter-card\"&gt;\r\n    &lt;label class=\"checkbox-container\"&gt;\r\n        &lt;input type=\"checkbox\" id=\"child{{attendee.contactid}}\" class=\"checkAttendee\" name=\"child\" value=\"{{attendee.contactid}}\"&gt;\r\n        &lt;span class=\"checkmark\"&gt;&lt;/span&gt;\r\n        &lt;label for=\"child{{attendee.contactid}}\"&gt;&lt;/label&gt;\r\n        &lt;img id=\"img{{attendee.contactid}}\" data-contact=\"{{attendee.contactid}}\" src=\"/child-placeholder.svg\" alt=\"{{attendee.fullname}} profile photo\"&gt;\r\n        &lt;p class=\"card-text-xsmall text-center\"&gt;{{attendee.fullname}}&lt;/p&gt;\r\n    &lt;/label&gt;\r\n&lt;/span&gt;"}</content>
  <iscustomizable>1</iscustomizable>
  <name>Filter/Attendees</name>
  <powerpagecomponenttype>7</powerpagecomponenttype>
  <powerpagesiteid>
    <powerpagesiteid>c3627151-3d47-ee11-be6e-000d3ab0ecd2</powerpagesiteid>
  </powerpagesiteid>
  <powerpagesitelanguageid>
    <powerpagesitelanguageid>c5627151-3d47-ee11-be6e-000d3ab0ecd2</powerpagesitelanguageid>
  </powerpagesitelanguageid>
  <statecode>0</statecode>
  <statuscode>1</statuscode>
</powerpagecomponent>