<powerpagecomponent powerpagecomponentid="e353744b-3d47-ee11-be6e-000d3ab0ecd2">
  <content>{"type":756150001,"value":"&lt;div class=\"container page-title\"&gt;\r\n  &lt;h2&gt;Registration successful!&lt;/h2&gt;\r\n&lt;/div&gt;"}</content>
  <iscustomizable>1</iscustomizable>
  <name>Card/Registrations/Success/Message</name>
  <powerpagecomponenttype>7</powerpagecomponenttype>
  <powerpagesiteid>
    <powerpagesiteid>c3627151-3d47-ee11-be6e-000d3ab0ecd2</powerpagesiteid>
  </powerpagesiteid>
  <powerpagesitelanguageid>
    <powerpagesitelanguageid>c5627151-3d47-ee11-be6e-000d3ab0ecd2</powerpagesitelanguageid>
  </powerpagesitelanguageid>
  <statecode>0</statecode>
  <statuscode>1</statuscode>
</powerpagecomponent>