<powerpagecomponent powerpagecomponentid="5e467245-3d47-ee11-be6e-000d3ab0ecd2">
  <content>{"display_name":"Attendee Required Field","type":756150000,"value":"* Denotes a required field."}</content>
  <iscustomizable>1</iscustomizable>
  <name>Attendee Required Field</name>
  <powerpagecomponenttype>7</powerpagecomponenttype>
  <powerpagesiteid>
    <powerpagesiteid>c3627151-3d47-ee11-be6e-000d3ab0ecd2</powerpagesiteid>
  </powerpagesiteid>
  <powerpagesitelanguageid>
    <powerpagesitelanguageid>c5627151-3d47-ee11-be6e-000d3ab0ecd2</powerpagesitelanguageid>
  </powerpagesitelanguageid>
  <statecode>0</statecode>
  <statuscode>1</statuscode>
</powerpagecomponent>