<powerpagecomponent powerpagecomponentid="3a627151-3d47-ee11-be6e-000d3ab0ecd2">
  <content>{"adx_entitypermission_webrole":["50467245-3d47-ee11-be6e-000d3ab0ecd2","1954744b-3d47-ee11-be6e-000d3ab0ecd2","6a53744b-3d47-ee11-be6e-000d3ab0ecd2"],"append":false,"appendto":false,"create":true,"delete":true,"entitylogicalname":"feedback","entityname":"Feedback","read":true,"scope":756150000,"write":true}</content>
  <iscustomizable>1</iscustomizable>
  <name>Feedback</name>
  <powerpagecomponenttype>18</powerpagecomponenttype>
  <powerpagesiteid>
    <powerpagesiteid>c3627151-3d47-ee11-be6e-000d3ab0ecd2</powerpagesiteid>
  </powerpagesiteid>
  <statecode>1</statecode>
  <statuscode>2</statuscode>
</powerpagecomponent>