<powerpagecomponent powerpagecomponentid="6653744b-3d47-ee11-be6e-000d3ab0ecd2">
  <content>{"disablepagevalidation":false,"displayimageonly":false,"displayorder":9,"displaypagechildlinks":false,"openinnewwindow":false,"pageid":"5454744b-3d47-ee11-be6e-000d3ab0ecd2","publishingstateid":"aa617151-3d47-ee11-be6e-000d3ab0ecd2","robotsfollowlink":true,"weblinksetid":"8d467245-3d47-ee11-be6e-000d3ab0ecd2"}</content>
  <iscustomizable>1</iscustomizable>
  <name>Edit Course</name>
  <powerpagecomponenttype>5</powerpagecomponenttype>
  <powerpagesiteid>
    <powerpagesiteid>c3627151-3d47-ee11-be6e-000d3ab0ecd2</powerpagesiteid>
  </powerpagesiteid>
  <statecode>0</statecode>
  <statuscode>1</statuscode>
</powerpagecomponent>