<powerpagecomponent powerpagecomponentid="5f467245-3d47-ee11-be6e-000d3ab0ecd2">
  <content>{"value":"{\"status\":\"enable\",\"selectedThemeId\":\"146d2355-1494-404c-8ddf-a3d1a23ad57d\",\"version\":\"V2\"}"}</content>
  <iscustomizable>1</iscustomizable>
  <name>ThemeFeature</name>
  <powerpagecomponenttype>9</powerpagecomponenttype>
  <powerpagesiteid>
    <powerpagesiteid>c3627151-3d47-ee11-be6e-000d3ab0ecd2</powerpagesiteid>
  </powerpagesiteid>
  <statecode>0</statecode>
  <statuscode>1</statuscode>
</powerpagecomponent>