<powerpagecomponent powerpagecomponentid="45627151-3d47-ee11-be6e-000d3ab0ecd2">
  <content>{"adx_entitypermission_webrole":["50467245-3d47-ee11-be6e-000d3ab0ecd2","6a53744b-3d47-ee11-be6e-000d3ab0ecd2","61617151-3d47-ee11-be6e-000d3ab0ecd2"],"append":false,"appendto":false,"create":false,"delete":false,"entitylogicalname":"webresource","entityname":"Permissions for code component on the Web Resource table","read":true,"scope":756150000,"write":false}</content>
  <iscustomizable>1</iscustomizable>
  <name>Permissions for code component on the Web Resource table</name>
  <powerpagecomponenttype>18</powerpagecomponenttype>
  <powerpagesiteid>
    <powerpagesiteid>c3627151-3d47-ee11-be6e-000d3ab0ecd2</powerpagesiteid>
  </powerpagesiteid>
  <statecode>0</statecode>
  <statuscode>1</statuscode>
</powerpagecomponent>