<powerpagecomponent powerpagecomponentid="3154744b-3d47-ee11-be6e-000d3ab0ecd2">
  <content>{"display_name":"Modal/CourseCancel","type":756150001,"value":"&lt;div id=\"cancelledModal\" tabindex=\"-1\" role=\"dialog\" aria-labelledby=\"cancelledModalLabel\" aria-hidden=\"true\" class=\"modal fade\"&gt;\r\n  &lt;div role=\"document\" class=\"modal-dialog modal-dialog-centered\"&gt;\r\n    &lt;div class=\"modal-content\" style=\"border-radius: 16px;\"&gt;\r\n      &lt;div class=\"modal-header\"&gt;\r\n        &lt;h5 id=\"editedModalLabel\" class=\"modal-title\" style=\"font-weight:bold\"&gt;Course Canceled!&lt;/h5&gt;&lt;button type=\"button\" data-dismiss=\"modal\" aria-label=\"Close\" class=\"close\"&gt;&lt;span aria-hidden=\"true\"&gt;×&lt;/span&gt;&lt;/button&gt;\r\n      &lt;/div&gt;\r\n      &lt;div class=\"modal-body\"&gt;\r\n        '{{currentcourse.results.entities[0].coursename}}' is no longer available for registration.\r\n      &lt;/div&gt;\r\n      &lt;/div&gt;\r\n  &lt;/div&gt;\r\n&lt;/div&gt;"}</content>
  <iscustomizable>1</iscustomizable>
  <name>Modal/CourseCancel</name>
  <powerpagecomponenttype>7</powerpagecomponenttype>
  <powerpagesiteid>
    <powerpagesiteid>c3627151-3d47-ee11-be6e-000d3ab0ecd2</powerpagesiteid>
  </powerpagesiteid>
  <powerpagesitelanguageid>
    <powerpagesitelanguageid>c5627151-3d47-ee11-be6e-000d3ab0ecd2</powerpagesitelanguageid>
  </powerpagesitelanguageid>
  <statecode>0</statecode>
  <statuscode>1</statuscode>
</powerpagecomponent>