<powerpagecomponent powerpagecomponentid="2a627151-3d47-ee11-be6e-000d3ab0ecd2">
  <content>{"calendar_enabled":false,"calendar_initialview":756150001,"calendar_style":756150000,"calendar_timezonemode":756150000,"entityname":"msdynce_registration","entitypermissionsenabled":true,"filter_enabled":true,"idquerystringparametername":"id","map_distanceunits":756150001,"map_distancevalues":"5,10,25,50,100","map_enabled":false,"map_infoboxoffsetx":25,"map_infoboxoffsety":46,"map_pushpinheight":39,"map_pushpinwidth":32,"map_resturl":"https://dev.virtualearth.net/REST/v1/Locations","map_type":756150000,"map_zoom":12,"odata_enabled":false,"pagesize":10,"searchenabled":true,"view":"27a56ba6-0646-4308-8fa9-8169c504b3a4","views":"{\"$type\":\"Adxstudio.Xrm.Web.UI.JsonConfiguration.ViewMetadata, Adxstudio.Xrm\",\"Views\":[{\"$type\":\"Adxstudio.Xrm.Web.UI.JsonConfiguration.View, Adxstudio.Xrm\",\"ViewId\":\"27a56ba6-0646-4308-8fa9-8169c504b3a4\",\"DisplayName\":[{\"$type\":\"Adxstudio.Xrm.Web.UI.WebForms.LanguageResources, Adxstudio.Xrm\",\"LCID\":1033,\"Value\":\"\"}]}]}"}</content>
  <iscustomizable>1</iscustomizable>
  <name>My Registrations</name>
  <powerpagecomponenttype>17</powerpagecomponenttype>
  <powerpagesiteid>
    <powerpagesiteid>c3627151-3d47-ee11-be6e-000d3ab0ecd2</powerpagesiteid>
  </powerpagesiteid>
  <statecode>0</statecode>
  <statuscode>1</statuscode>
</powerpagecomponent>