<powerpagecomponent powerpagecomponentid="5d54744b-3d47-ee11-be6e-000d3ab0ecd2">
  <content>{"copy":"&lt;div class=\"row sectionBlockLayout\" style=\"display: flex; flex-wrap: wrap; padding: 8px; margin: 0px; text-align: left; min-height: 100px;\"&gt;\r\n      &lt;div class=\"container\" style=\"display: flex; flex-wrap: wrap;\"&gt;\r\n        &lt;div class=\"col-md-12 columnBlockLayout\" style=\"display: flex; flex-direction: column;\"&gt;&lt;/div&gt;\r\n      &lt;/div&gt;\r\n    &lt;/div&gt;\r\n    ","displayorder":15,"enablerating":false,"enabletracking":false,"excludefromsearch":false,"feedbackpolicy":756150000,"hiddenfromsitemap":false,"isroot":true,"pagetemplateid":"4d467245-3d47-ee11-be6e-000d3ab0ecd2","parentpageid":"b154744b-3d47-ee11-be6e-000d3ab0ecd2","partialurl":"edit-attendee","publishingstateid":"aa617151-3d47-ee11-be6e-000d3ab0ecd2","sharedpageconfiguration":true,"summary":"&lt;p&gt;This is sample landing page for you to start building your website&lt;/p&gt;","title":"Edit Attendee Profile"}</content>
  <iscustomizable>1</iscustomizable>
  <name>Edit Attendee Profile</name>
  <powerpagecomponenttype>2</powerpagecomponenttype>
  <powerpagesiteid>
    <powerpagesiteid>c3627151-3d47-ee11-be6e-000d3ab0ecd2</powerpagesiteid>
  </powerpagesiteid>
  <statecode>0</statecode>
  <statuscode>1</statuscode>
</powerpagecomponent>