<powerpagecomponent powerpagecomponentid="18627151-3d47-ee11-be6e-000d3ab0ecd2">
  <content>{"type":756150001,"value":"&lt;div class=\"alert alert-danger validation-alert course-alert\" role=\"alert\"&gt;\r\n    &lt;img src=\"{{ settings['ASP/Icon/Validation/Error'] }}\" alt=\"validation alert icon\"&gt;\r\n    &lt;b&gt;Please fix the following: &lt;/b&gt;\r\n    &lt;br&gt;\r\n&lt;/div&gt;"}</content>
  <iscustomizable>1</iscustomizable>
  <name>ASP/Error/CourseForm/Validation</name>
  <powerpagecomponenttype>7</powerpagecomponenttype>
  <powerpagesiteid>
    <powerpagesiteid>c3627151-3d47-ee11-be6e-000d3ab0ecd2</powerpagesiteid>
  </powerpagesiteid>
  <statecode>0</statecode>
  <statuscode>1</statuscode>
</powerpagecomponent>